,City,Cloudiness,Country,Date,Humidity,Lat,Lng,Max Temp,Wind Speed
0,Atuona,13,PF,1564162538,76,-9.8,-139.03,79.78,12.95
1,Rikitea,2,PF,1564162538,82,-23.12,-134.97,73.3,8.97
2,Port Elizabeth,1,US,1564162538,33,39.31,-74.98,89.01,4.7
3,East London,0,ZA,1564162539,88,-33.02,27.91,62.6,9.17
4,Butaritari,78,KI,1564162539,73,3.07,172.79,83.38,5.26
5,Tasiilaq,75,GL,1564162539,61,65.61,-37.64,48.2,14.99
6,Albany,20,US,1564162497,42,42.65,-73.75,87.01,3.36
7,Los Llanos de Aridane,75,ES,1564162539,73,28.66,-17.92,77.0,16.11
8,San Carlos de Bariloche,40,AR,1564162539,75,-41.13,-71.31,42.8,8.05
9,Marrakesh,20,MA,1564162363,23,31.63,-7.99,96.8,4.7
10,Yarega,84,RU,1564162540,62,63.43,53.58,58.0,6.98
11,Bluff,0,AU,1564162540,91,-23.58,149.07,54.94,2.84
12,Mahebourg,75,MU,1564162540,94,-20.41,57.7,71.6,14.99
13,Hobart,20,AU,1564162508,65,-42.88,147.33,41.0,10.29
14,Larsnes,0,NO,1564162540,48,62.2,5.58,82.4,8.05
15,Dikson,95,RU,1564162540,93,73.51,80.55,32.44,14.34
16,Kapaa,40,US,1564162285,74,22.08,-159.32,80.6,14.99
17,Darfield,90,NZ,1564162540,100,-43.49,172.11,42.01,2.24
18,Punta Arenas,40,CL,1564162541,56,-53.16,-70.91,42.8,24.16
19,Ginir,74,ET,1564162541,90,7.14,40.71,59.44,5.12
20,Ulaanbaatar,40,MN,1564162541,77,47.92,106.92,60.8,2.24
21,Richards Bay,11,ZA,1564162541,81,-28.77,32.06,70.06,7.83
22,Pevek,20,RU,1564162541,90,69.7,170.27,34.24,4.81
23,Lebu,75,ET,1564162541,87,8.96,38.73,57.2,9.17
24,Lucea,20,JM,1564162542,70,18.44,-78.17,86.0,11.41
25,Busselton,99,AU,1564162542,57,-33.64,115.35,53.01,18.21
26,Kungurtug,90,RU,1564162542,92,50.6,97.53,46.48,1.66
27,Castro,0,CL,1564162542,71,-42.48,-73.76,50.0,4.7
28,Bandarbeyla,40,SO,1564162542,45,9.49,50.81,79.6,26.64
29,Mataura,99,NZ,1564162542,82,-46.19,168.86,46.99,4.0
30,Ambon,20,FR,1564162543,56,47.55,-2.56,73.99,9.17
31,Khatanga,62,RU,1564162543,64,71.98,102.47,45.22,6.46
32,Barrow,29,AR,1564162543,33,-38.31,-60.23,56.02,6.73
33,Ust-Kut,19,RU,1564162543,56,56.78,105.75,63.04,1.05
34,Jamestown,71,AU,1564162543,93,-33.21,138.6,44.86,2.8
35,Iqaluit,90,CA,1564162436,87,63.75,-68.52,46.4,3.36
36,Kodiak,1,US,1564162544,54,39.95,-94.76,84.0,14.99
37,Nyurba,93,RU,1564162544,65,63.29,118.35,59.98,0.25
38,Port Huron,1,US,1564162496,45,42.98,-82.44,84.99,5.82
39,Port Alfred,20,ZA,1564162544,91,-33.59,26.89,59.0,4.0
40,Aginskoye,9,RU,1564162544,72,51.11,114.54,59.26,3.74
41,Vaini,100,IN,1564162544,94,15.34,74.49,74.56,1.28
42,Sisimiut,91,GL,1564162544,92,66.94,-53.67,42.52,7.63
43,Kahului,20,US,1564162545,61,20.89,-156.47,80.6,14.99
44,Alunis,50,RO,1564162545,94,45.2,25.87,78.01,5.99
45,Ushuaia,0,AR,1564162450,56,-54.81,-68.31,42.8,6.93
46,Avarua,96,CK,1564162545,88,-21.21,-159.78,68.0,6.93
47,Mvuma,0,ZW,1564162545,37,-19.28,30.53,54.76,6.98
48,Geraldton,90,CA,1564162482,77,49.72,-86.95,69.8,10.29
49,Sur,14,OM,1564162481,66,22.57,59.53,82.3,19.48
50,Daru,54,PG,1564162605,92,-9.07,143.21,71.68,7.81
51,Nikolskoye,0,RU,1564162606,54,59.7,30.79,80.6,6.71
52,Bredasdorp,0,ZA,1564162606,87,-34.53,20.04,55.4,1.12
53,Cayenne,40,GF,1564162606,55,4.94,-52.33,89.6,10.29
54,Tuatapere,100,NZ,1564162606,82,-46.13,167.69,46.99,4.0
55,Caravelas,47,BR,1564162606,68,-17.73,-39.27,75.64,11.36
56,Naze,100,NG,1564162606,96,5.43,7.07,73.3,4.54
57,Narsaq,75,GL,1564162562,66,60.91,-46.05,53.6,5.82
58,Mehamn,75,NO,1564162607,93,71.03,27.85,51.8,10.29
59,Port Blair,43,IN,1564162607,79,11.67,92.75,82.84,21.39
60,Provideniya,100,RU,1564162607,95,64.42,-173.23,44.14,5.21
61,La Macarena,36,CO,1564162607,51,2.18,-73.79,88.24,2.1
62,Kaeo,5,NZ,1564162607,100,-35.1,173.78,53.01,10.02
63,Hailey,75,US,1564162607,37,43.52,-114.32,71.6,6.93
64,Samarai,92,PG,1564162608,89,-10.62,150.67,69.88,5.39
65,Raudeberg,0,NO,1564162608,42,61.99,5.14,82.4,11.41
66,Burns Lake,99,CA,1564162608,92,54.23,-125.76,53.5,4.88
67,Bizhbulyak,16,RU,1564162608,79,53.69,54.27,62.68,8.32
68,Ponta Delgada,20,PT,1564162462,83,37.73,-25.67,73.4,17.22
69,Beringovskiy,0,RU,1564162608,57,63.05,179.32,49.54,6.73
70,Havre-Saint-Pierre,1,CA,1564162461,36,50.23,-63.6,75.2,12.75
71,Rawson,0,AR,1564162609,34,-43.3,-65.11,54.58,20.07
72,Port Keats,75,AU,1564162609,88,-14.25,129.55,69.7,3.58
73,Qaanaaq,3,GL,1564162609,38,77.48,-69.36,49.36,1.39
74,Puerto Ayora,20,EC,1564162609,65,-0.74,-90.35,77.0,24.16
75,Vila Velha,40,BR,1564162609,58,-3.71,-38.6,86.0,16.11
76,Longyearbyen,0,NO,1564162609,66,78.22,15.63,50.0,4.7
77,Airai,85,TL,1564162610,84,-8.93,125.41,67.54,4.43
78,Saint George,0,GR,1564162610,51,39.45,22.34,86.0,9.17
79,Nokaneng,0,BW,1564162610,20,-19.66,22.19,64.48,6.62
80,Kalmunai,100,LK,1564162610,79,7.42,81.82,77.62,0.18
81,Tiksi,84,RU,1564162610,78,71.64,128.87,34.6,7.16
82,Apastepeque,0,SV,1564162610,65,13.67,-88.78,89.6,5.82
83,Arraial do Cabo,0,BR,1564162611,69,-22.97,-42.02,78.8,13.87
84,Gwanda,0,ZW,1564162611,33,-20.94,29.0,60.16,8.12
85,Hermanus,0,ZA,1564162611,91,-34.42,19.24,57.99,9.4
86,Kulhudhuffushi,100,MV,1564162485,77,6.62,73.07,82.12,10.02
87,Oistins,20,BB,1564162611,66,13.07,-59.53,87.8,24.16
88,Lasa,20,CY,1564162611,83,34.92,32.53,80.6,12.75
89,Araouane,69,ML,1564162611,24,18.9,-3.53,103.0,5.19
90,Hithadhoo,73,MV,1564162612,63,-0.6,73.08,82.66,2.8
91,Teya,90,MX,1564162612,62,21.05,-89.07,93.0,13.87
92,Saint-Philippe,1,CA,1564162612,48,45.36,-73.48,87.01,8.05
93,Cape Town,0,ZA,1564162529,82,-33.93,18.42,59.0,4.7
94,Meulaboh,100,ID,1564162612,69,4.14,96.13,83.74,5.06
95,Dunedin,100,NZ,1564162318,93,-45.87,170.5,44.01,1.99
96,Vaitape,0,PF,1564162612,79,-16.52,-151.75,79.06,18.1
97,Saldanha,95,PT,1564162613,35,41.42,-6.55,74.92,13.33
98,Pangnirtung,90,CA,1564162613,100,66.15,-65.72,42.8,9.17
99,Lyuban,25,BY,1564162613,91,52.8,28.0,63.94,8.75
100,Ust-Tsilma,90,RU,1564162673,83,65.44,52.15,54.94,7.23
101,Storm Lake,1,US,1564162673,61,42.64,-95.21,82.0,13.87
102,Georgetown,20,GY,1564162395,74,6.8,-58.16,86.0,13.87
103,Nouadhibou,0,MR,1564162674,65,20.93,-17.03,78.8,8.05
104,Sosnogorsk,78,RU,1564162674,65,63.59,53.93,57.1,6.78
105,Hargeysa,35,SO,1564162674,61,9.56,44.06,69.16,25.32
106,Sao Joao da Barra,0,BR,1564162674,42,-21.64,-41.05,80.6,14.99
107,Thompson,90,CA,1564162550,93,55.74,-97.86,53.6,8.05
108,Victoria,75,BN,1564162674,83,5.28,115.24,77.0,12.24
109,Lompoc,90,US,1564162675,82,34.64,-120.46,78.01,4.7
110,Zhangye,15,CN,1564162675,40,38.94,100.46,66.82,8.88
111,Kaitangata,100,NZ,1564162675,90,-46.28,169.85,39.0,5.35
112,Asyut,0,EG,1564162675,38,27.18,31.19,93.2,16.11
113,Arica,75,CL,1564162675,63,-18.48,-70.32,60.8,11.41
114,Kirakira,100,SB,1564162675,86,-10.46,161.92,77.8,16.46
115,Veraval,90,FR,1564162676,73,49.65,0.71,73.99,11.41
116,Amzya,0,RU,1564162676,79,56.24,54.39,63.04,1.5
117,Chokurdakh,86,RU,1564162676,78,70.62,147.9,33.7,11.54
118,Peniche,20,PT,1564162676,53,39.36,-9.38,73.99,16.11
119,Bolu,0,TR,1564162676,75,40.73,31.61,61.24,3.89
120,Pesqueira,86,BR,1564162676,60,-8.36,-36.7,76.54,10.85
121,Qandala,72,SO,1564162676,51,11.47,49.87,88.42,24.67
122,Palauig,94,PH,1564162677,77,15.44,119.9,83.56,9.98
123,Miyoshi,15,JP,1564162677,94,34.81,132.85,70.06,1.34
124,Vestmannaeyjar,75,IS,1564162677,93,63.44,-20.27,57.2,9.17
125,Bambanglipuro,69,ID,1564162677,89,-7.95,110.28,74.02,12.93
126,Vestmanna,83,FO,1564162677,77,62.16,-7.17,66.2,4.7
127,Ribeira Grande,75,PT,1564162678,78,38.52,-28.7,78.8,9.17
128,Suileng,73,CN,1564162678,92,47.25,127.08,58.72,3.13
129,Manaure,20,CO,1564162678,44,11.78,-72.45,95.0,13.87
130,Kavieng,39,PG,1564162678,71,-2.57,150.8,83.02,8.3
131,Tuktoyaktuk,20,CA,1564162678,66,69.44,-133.03,55.4,23.04
132,Bethel,90,US,1564162541,87,60.79,-161.76,51.8,6.93
133,Manaus,75,BR,1564162678,66,-3.13,-59.98,89.6,2.24
134,Mizdah,0,LY,1564162679,19,31.45,12.98,88.42,11.81
135,Grindavik,20,IS,1564162679,72,63.84,-22.43,64.99,21.92
136,Saskylakh,85,RU,1564162679,79,71.97,114.09,43.96,4.79
137,Nyimba,7,ZM,1564162679,32,-14.56,30.81,66.28,6.2
138,Carnarvon,0,ZA,1564162507,21,-30.97,22.13,56.74,8.59
139,Boa Vista,29,BR,1564162679,61,2.82,-60.67,86.08,7.4
140,Boyabat,3,TR,1564162680,81,41.47,34.77,57.82,2.98
141,Ayan,53,IR,1564162680,44,38.23,44.7,63.4,5.39
142,Boende,71,CD,1564162680,47,-0.28,20.88,84.1,0.74
143,Okhotsk,96,RU,1564162680,93,59.36,143.24,38.38,2.08
144,Inhambane,0,MZ,1564162680,77,-23.87,35.38,69.8,3.36
145,Chilca,5,PE,1564162680,14,-13.22,-72.34,62.6,2.24
146,Shelburne,40,CA,1564162681,45,44.08,-80.2,86.0,8.05
147,Burnie,0,AU,1564162681,89,-41.05,145.91,37.0,5.99
148,Woodward,1,US,1564162681,34,36.43,-99.39,88.0,13.87
149,Severo-Kurilsk,100,RU,1564162681,79,50.68,156.12,48.64,6.13
150,Hay River,90,CA,1564162741,93,60.82,-115.79,60.8,4.7
151,Diffa,47,NE,1564162741,26,13.32,12.61,99.04,6.02
152,Mar del Plata,0,AR,1564162742,33,-46.43,-67.52,52.06,22.97
153,Wiarton,5,CA,1564162742,54,44.74,-81.13,84.0,13.87
154,Galle,71,GN,1564162742,90,10.08,-12.83,74.38,8.79
155,Iacu,42,BR,1564162742,46,-12.77,-40.21,80.14,10.96
156,Bambous Virieux,75,MU,1564162742,94,-20.34,57.76,71.6,14.99
157,Baykit,12,RU,1564162743,91,61.68,96.39,50.44,1.72
158,San Antonio,0,CL,1564162512,55,-33.58,-71.61,62.6,8.05
159,Lagunas,41,PE,1564162743,86,-5.23,-75.68,80.5,3.89
160,Luwuk,100,ID,1564162743,98,-0.95,122.79,62.68,3.8
161,Dukat,0,AL,1564162743,51,40.25,19.57,79.0,2.93
162,Derzhavinsk,84,KZ,1564162744,58,51.1,66.31,66.28,9.53
163,Klaksvik,61,FO,1564162744,77,62.23,-6.59,66.2,4.7
164,Hit,0,IQ,1564162715,14,33.64,42.83,94.18,13.42
165,Ogaminana,100,NG,1564162744,95,7.6,6.2,72.58,7.56
166,Poum,40,MK,1564162744,65,41.28,20.71,77.0,3.36
167,Taoudenni,12,ML,1564162744,21,22.68,-3.98,100.3,21.9
168,Tiarei,20,PF,1564162744,83,-17.53,-149.33,73.4,4.7
169,Carutapera,38,BR,1564162745,64,-1.2,-46.02,85.54,8.9
170,Mayo,75,CA,1564162745,76,63.59,-135.9,53.6,3.51
171,Zhigansk,93,RU,1564162745,49,66.77,123.37,54.22,10.07
172,Avera,1,US,1564162745,43,33.19,-82.53,90.0,11.41
173,Atar,28,MR,1564162526,18,20.52,-13.05,105.88,5.77
174,Necochea,35,AR,1564162745,88,-38.55,-58.74,53.01,7.0
175,Banda Aceh,60,ID,1564162746,73,5.56,95.32,82.84,7.85
176,Cap-aux-Meules,5,CA,1564162746,44,47.38,-61.86,75.2,8.05
177,Bonthe,90,SL,1564162746,82,7.53,-12.5,77.98,12.01
178,Chapais,1,CA,1564162746,51,49.78,-74.86,80.6,13.87
179,Muli,4,CN,1564162746,92,28.08,109.56,74.56,3.27
180,Ponta do Sol,0,BR,1564162747,41,-20.63,-46.0,75.64,7.38
181,Villa Bisono,40,DO,1564162747,47,19.56,-70.88,95.0,17.22
182,Jiuquan,17,CN,1564162747,30,39.73,98.49,67.72,17.07
183,Coquimbo,0,CL,1564162747,58,-29.95,-71.34,57.2,14.99
184,Pechory,8,EE,1564162747,54,57.81,27.61,80.6,4.47
185,Eyl,33,SO,1564162747,52,7.98,49.82,75.46,28.39
186,Srednekolymsk,41,RU,1564162748,82,67.46,153.71,47.38,5.48
187,Zhicheng,1,CN,1564162748,34,35.04,112.59,86.0,1.01
188,Lenger,0,KZ,1564162748,26,42.18,69.89,78.8,4.47
189,Cairns,75,AU,1564162749,88,-16.92,145.77,66.99,9.17
190,New Norfolk,20,AU,1564162749,65,-42.78,147.06,41.0,10.29
191,Arman,50,RU,1564162749,86,59.7,150.17,40.72,0.98
192,Saint-Pierre,0,FR,1564162750,35,48.95,4.24,91.4,10.29
193,Pokosnoye,98,RU,1564162750,88,55.53,101.05,58.0,9.95
194,Buraydah,0,SA,1564162750,16,26.33,43.97,104.0,6.93
195,Myre,100,SE,1564162750,53,62.25,17.37,78.01,10.29
196,Bermejo,0,AR,1564162751,24,-22.73,-64.34,69.88,4.09
197,Yueyang,8,CN,1564162751,71,29.36,113.12,85.36,12.01
198,Auki,84,NG,1564162751,58,12.18,6.51,83.38,4.88
199,Yellowknife,90,CA,1564162751,93,62.45,-114.38,57.2,10.29
200,Mount Gambier,40,AU,1564162811,93,-37.83,140.78,39.2,5.82
201,Puri,22,ID,1564162811,92,-7.54,112.45,68.26,3.49
202,Torbay,40,CA,1564162657,77,47.66,-52.73,72.0,11.41
203,Sopur,83,IN,1564162811,96,34.3,74.47,56.56,3.22
204,Staryy Nadym,100,RU,1564162812,90,65.61,72.68,50.62,12.66
205,Sitka,81,US,1564162812,25,37.17,-99.65,91.3,14.12
206,Iquique,0,CL,1564162812,67,-20.22,-70.14,60.8,12.75
207,Cherskiy,100,RU,1564162812,90,68.75,161.3,45.22,1.48
208,Arlit,40,NE,1564162812,19,18.74,7.39,102.28,15.26
209,Otukpo,68,NG,1564162812,94,7.19,8.13,74.92,7.52
210,Katsuura,75,JP,1564162813,78,33.93,134.5,80.6,12.75
211,Grand Gaube,75,MU,1564162813,94,-20.01,57.66,71.6,14.99
212,Qinzhou,17,CN,1564162813,88,21.96,108.62,80.68,5.41
213,Sirsaganj,89,IN,1564162813,71,27.06,78.69,86.98,1.59
214,Leh,99,IN,1564162813,71,34.16,77.58,44.68,3.44
215,Jardim,100,BR,1564162813,71,-21.48,-56.15,57.64,6.69
216,Anadyr,40,RU,1564162813,93,64.73,177.51,44.6,6.71
217,Teguldet,0,RU,1564162814,97,57.31,88.17,53.32,4.21
218,Cockburn Town,45,TC,1564162814,79,21.46,-71.14,83.56,18.43
219,Wanning,75,AT,1564162814,30,48.64,13.53,93.2,4.7
220,Camacha,40,PT,1564162814,64,33.08,-16.33,75.2,16.11
221,Haines Junction,19,CA,1564162814,58,60.75,-137.51,50.98,6.06
222,Skjervoy,20,NO,1564162814,82,70.03,20.97,60.8,2.24
223,Tucupita,32,VE,1564162815,72,9.06,-62.05,85.18,9.75
224,Sobolevo,100,RU,1564162815,93,54.43,31.9,65.02,8.08
225,Hamilton,75,CA,1564162815,54,43.26,-79.87,86.0,5.82
226,Vila Franca do Campo,20,PT,1564162815,83,37.72,-25.43,73.4,18.34
227,Souillac,100,FR,1564162815,94,45.6,-0.6,75.0,3.36
228,Mattru,86,SL,1564162815,77,7.62,-11.83,79.24,8.39
229,Goalpara,99,IN,1564162816,93,26.18,90.62,78.16,5.08
230,Belmonte,72,PT,1564162521,53,40.36,-7.35,82.0,7.0
231,Tocopilla,0,CL,1564162625,82,-22.09,-70.2,59.44,12.84
232,Tommot,53,RU,1564162816,80,58.97,126.27,52.24,1.63
233,Paita,0,PE,1564162816,290,-5.09,-81.11,62.6,13.87
234,Malanje,6,AO,1564162816,12,-9.54,16.35,70.24,3.47
235,Nagod,99,IN,1564162817,87,24.57,80.59,76.9,9.28
236,College,90,US,1564162817,93,64.86,-147.8,59.0,3.36
237,Tura,91,RU,1564162817,93,64.27,100.22,56.38,4.56
238,Berlevag,75,NO,1564162817,87,70.86,29.09,55.4,14.99
239,Ancud,0,CL,1564162817,71,-41.87,-73.83,50.0,4.7
240,Beloha,0,MG,1564162817,69,-25.17,45.06,63.94,15.86
241,Sao Felix do Xingu,0,BR,1564162817,21,-6.64,-51.99,96.52,4.74
242,Batagay-Alyta,100,RU,1564162818,79,67.8,130.41,42.7,4.03
243,Noumea,0,NC,1564162540,87,-22.28,166.46,53.6,3.36
244,Puerto Carreno,40,CO,1564162818,74,6.19,-67.49,82.4,4.7
245,Aklavik,20,CA,1564162818,67,68.22,-135.01,60.8,3.36
246,Jiutai,20,CN,1564162818,88,44.15,125.84,73.4,2.24
247,Marsh Harbour,1,BS,1564162522,65,26.54,-77.06,85.18,9.35
248,Honiara,40,SB,1564162818,94,-9.43,159.96,75.2,3.36
249,Ngunguru,58,NZ,1564162819,96,-35.62,174.5,51.01,1.99
250,Buchanan,75,LR,1564162879,83,5.88,-10.05,78.8,10.29
251,Faanui,0,PF,1564162879,79,-16.48,-151.75,79.06,18.1
252,La Crosse,1,US,1564162879,78,43.8,-91.24,81.0,13.87
253,Manoharpur,100,IN,1564162879,85,22.35,85.21,79.24,2.8
254,Touros,40,BR,1564162587,70,-5.2,-35.46,84.2,14.99
255,Fortuna,90,US,1564162879,100,40.6,-124.16,73.99,4.7
256,Tavricheskoye,36,RU,1564162880,77,54.59,73.64,60.8,4.47
257,Wattegama,100,LK,1564162880,92,7.35,80.68,72.22,3.74
258,Gimli,94,CA,1564162880,75,50.63,-96.99,72.0,5.99
259,Hilo,20,US,1564162651,78,19.71,-155.08,73.99,4.7
260,Upernavik,0,GL,1564162880,72,72.79,-56.15,42.88,9.08
261,Oranjemund,0,ZA,1564162881,73,-28.55,16.43,58.36,9.51
262,Miri,72,NG,1564162881,63,10.31,9.75,78.88,1.92
263,Djenne,86,ML,1564162881,36,13.91,-4.55,94.72,4.21
264,Port Lincoln,100,AU,1564162881,63,-34.72,135.86,52.96,7.67
265,Chuy,100,UY,1564162881,85,-33.69,-53.46,56.38,11.86
266,Axim,91,GH,1564162881,87,4.87,-2.24,77.08,12.01
267,Sao Jose da Coroa Grande,77,BR,1564162882,90,-8.9,-35.15,72.76,7.61
268,Kruisfontein,0,ZA,1564162882,89,-34.0,24.73,53.32,7.96
269,Kitui,19,KE,1564162882,59,-1.37,38.02,67.18,10.71
270,Paveh,0,IR,1564162882,10,35.05,46.36,89.6,2.8
271,Yerbogachen,52,RU,1564162882,47,61.28,108.01,63.04,2.04
272,Rio Gallegos,0,AR,1564162882,42,-51.62,-69.22,46.4,21.92
273,Kamenka,90,MD,1564162883,86,48.03,28.7,66.99,3.76
274,Aksu,90,KZ,1564162883,93,52.04,76.93,59.0,4.47
275,Mkushi,41,ZM,1564162883,48,-13.61,29.4,55.12,4.7
276,North Platte,1,US,1564162755,54,41.12,-100.77,87.01,3.36
277,Baculin,100,PH,1564162883,90,7.45,126.58,71.86,4.29
278,Boyuibe,0,BO,1564162883,48,-20.43,-63.28,62.6,6.31
279,Turukhansk,80,RU,1564162884,65,65.8,87.96,52.24,11.7
280,Mwinilunga,8,ZM,1564162884,20,-11.73,24.43,59.26,4.25
281,Vallenar,0,CL,1564162884,18,-28.58,-70.76,73.66,9.37
282,Paragominas,47,BR,1564162884,41,-3.0,-47.35,90.58,5.66
283,Yulara,88,AU,1564162884,28,-25.24,130.99,55.4,5.82
284,Sao Filipe,91,CV,1564162884,84,14.9,-24.5,74.2,13.09
285,Dingle,17,PH,1564162884,89,11.0,122.67,74.02,3.09
286,Sinnamary,53,GF,1564162885,72,5.38,-52.96,81.94,4.16
287,Gamba,69,CN,1564162885,64,28.28,88.52,45.58,5.3
288,Leningradskiy,100,RU,1564162885,95,69.38,178.42,35.68,19.08
289,Hami,0,CN,1564162885,32,42.84,93.51,71.14,6.85
290,Anito,96,PH,1564162885,95,12.45,125.29,75.28,2.98
291,Hasaki,75,JP,1564162885,94,35.73,140.83,80.6,10.29
292,Pasni,44,PK,1564162886,78,25.26,63.48,83.2,10.89
293,Chingirlau,100,KZ,1564162886,36,51.09,54.08,74.02,19.98
294,Mao,40,DO,1564162886,47,19.55,-71.08,95.0,17.22
295,Kidal,52,ML,1564162886,25,18.44,1.41,100.3,8.63
296,Rumoi,100,JP,1564162886,94,43.93,141.67,70.42,11.5
297,Pacific Grove,90,US,1564162886,77,36.62,-121.92,66.2,3.36
298,Nemuro,100,JP,1564162887,97,43.32,145.57,64.12,11.92
299,Faya,20,SA,1564162887,60,18.39,42.45,82.4,5.82
300,Sinegorye,55,RU,1564162947,74,62.09,150.53,52.06,5.93
301,Englewood,40,US,1564162919,32,39.65,-104.99,91.0,9.33
302,Shahrud,13,IR,1564162947,40,36.42,54.97,63.94,5.53
303,Moscow,0,RU,1564162567,60,55.75,37.62,79.0,8.95
304,Havoysund,75,NO,1564162947,87,71.0,24.66,53.6,14.99
305,Ostrovnoy,100,RU,1564162947,97,68.05,39.51,47.92,7.2
306,Mon,100,IN,1564162948,96,26.73,95.03,76.18,1.43
307,Lavrentiya,96,RU,1564162948,90,65.58,-170.99,43.78,2.98
308,Grants Pass,1,US,1564162948,38,42.44,-123.33,81.0,1.61
309,Borgarnes,40,IS,1564162948,59,64.54,-21.92,62.6,17.22
310,Portage,40,US,1564162948,50,41.58,-87.18,82.99,9.95
311,Aykhal,90,RU,1564162948,76,65.95,111.51,51.8,8.95
312,Saint-Augustin,20,CA,1564162949,65,45.63,-73.98,88.0,5.82
313,Biak,100,ID,1564162949,98,-0.91,122.88,62.68,3.8
314,Tevriz,65,RU,1564162949,77,57.51,72.4,61.24,3.98
315,Jacobina,33,BR,1564162949,36,-11.19,-40.51,80.32,14.94
316,Katherine,67,AU,1564162949,63,-14.47,132.26,62.6,5.82
317,Dwarka,90,IN,1564162949,100,28.58,77.04,86.0,4.7
318,Northam,90,AU,1564162950,76,-31.65,116.67,55.4,3.36
319,Atikokan,98,CA,1564162950,48,48.76,-91.62,77.08,12.41
320,Talnakh,0,RU,1564162950,76,69.49,88.39,48.2,15.66
321,Cidreira,73,BR,1564162950,93,-30.17,-50.22,62.32,7.07
322,Sioux Lookout,75,CA,1564162950,78,50.1,-91.92,71.6,8.05
323,Kutum,99,SD,1564162950,41,14.2,24.66,83.2,8.5
324,Jiujiang,34,CN,1564162951,81,29.73,115.99,82.12,4.16
325,Itarema,11,BR,1564162951,46,-2.92,-39.92,89.86,14.25
326,Grand Baie,75,MU,1564162951,94,-20.02,57.58,71.6,14.99
327,Moron,3,HT,1564162951,68,18.56,-74.26,84.28,2.19
328,Belaya Gora,66,RU,1564162951,64,68.54,146.19,42.16,3.78
329,Esperance,90,AU,1564162951,76,-33.86,121.89,50.0,5.82
330,Ziarat,35,PK,1564162951,56,30.38,67.73,71.5,5.82
331,Clyde River,75,CA,1564162952,93,70.47,-68.59,41.0,12.75
332,Catuday,100,PH,1564162952,76,16.29,119.81,84.1,10.49
333,Mpika,38,ZM,1564162952,47,-11.84,31.4,55.12,5.41
334,Wasilla,90,US,1564162952,76,61.58,-149.44,61.0,5.82
335,Guerrero Negro,52,MX,1564162952,73,27.97,-114.04,70.6,8.48
336,Tamandare,8,BR,1564162952,50,-8.28,-70.75,85.0,4.21
337,Aksarka,71,RU,1564162953,65,66.56,67.8,53.86,7.4
338,Jalu,0,LY,1564162953,20,29.03,21.55,90.76,11.18
339,Praia,40,BR,1564162953,33,-20.25,-43.81,77.0,13.87
340,Lorengau,75,PG,1564162953,84,-2.02,147.27,79.42,9.19
341,Luderitz,0,NA,1564162953,87,-26.65,15.16,57.2,10.29
342,Emerald,0,AU,1564162953,76,-23.53,148.16,50.0,4.7
343,Puerto Leguizamo,10,CO,1564162954,80,-0.19,-74.78,80.68,3.58
344,Mildura,40,AU,1564162954,93,-34.18,142.16,46.4,3.24
345,Black River,20,JM,1564162954,70,18.03,-77.85,86.0,11.41
346,Viking,0,CA,1564162954,62,53.1,-111.78,70.06,9.71
347,Athens,0,GR,1564162954,29,37.98,23.73,89.6,6.93
348,Rizhao,0,CN,1564162954,92,35.43,119.46,75.28,2.59
349,Shingu,46,JP,1564162955,97,33.72,135.99,68.98,5.64
350,Barra Patuca,71,HN,1564163015,77,15.8,-84.28,82.48,10.83
351,Husavik,82,CA,1564163015,73,50.56,-96.99,72.0,8.01
352,Kerur,100,IN,1564163015,80,16.02,75.57,72.76,14.07
353,Ponot,99,PH,1564163015,79,8.45,123.02,79.42,6.73
354,Fukue,75,JP,1564163015,88,35.03,136.69,80.6,20.8
355,Bathsheba,20,BB,1564163016,66,13.22,-59.52,87.8,24.16
356,Salalah,75,OM,1564163016,83,17.01,54.1,78.8,9.17
357,Tongzi,18,CN,1564163016,93,28.78,105.09,77.26,3.06
358,Komsomolskiy,100,RU,1564163016,95,67.55,63.78,43.78,14.72
359,Guerrero,0,AR,1564163016,36,-24.19,-65.45,64.4,2.24
360,Taitung,100,TW,1564163016,90,22.76,121.15,61.96,2.28
361,Patrocinio,99,PH,1564163016,80,13.72,123.64,81.76,9.64
362,Jiwani,0,PK,1564163017,85,25.05,61.74,84.1,20.8
363,Dakar,40,SN,1564162453,74,14.69,-17.45,84.2,9.17
364,Regeneracao,23,BR,1564163017,30,-6.24,-42.69,92.38,10.33
365,Campbell River,75,CA,1564163012,82,50.02,-125.24,71.6,5.3
366,Nanakuli,20,US,1564163017,78,21.39,-158.15,81.0,4.7
367,Krasnogorsk,0,RU,1564163017,60,55.82,37.34,79.0,13.42
368,Roald,0,NO,1564163017,65,62.58,6.12,82.4,3.36
369,Merrill,1,US,1564163018,44,42.03,-121.6,80.01,6.93
370,Adwa,100,ET,1564163018,88,14.16,38.9,64.48,6.85
371,Ukiah,1,US,1564162723,40,39.15,-123.21,80.01,3.36
372,La Rioja,5,AR,1564163018,40,-29.41,-66.86,53.68,6.6
373,San Patricio,68,PY,1564163018,77,-26.98,-56.83,52.24,4.47
374,Macusani,0,PE,1564163018,28,-14.07,-70.43,45.04,11.77
375,Tahe,77,CN,1564163018,98,52.34,124.71,48.1,1.23
376,Semporna,75,MY,1564163019,100,4.48,118.61,73.4,1.12
377,Ocos,75,GT,1564163019,58,14.51,-92.19,87.8,4.7
378,Luau,46,CD,1564163019,17,-10.7,22.23,67.18,3.02
379,Trairi,29,BR,1564162913,43,-3.28,-39.27,88.78,12.26
380,Luganville,100,VU,1564163019,97,-15.51,167.18,69.7,0.85
381,Pisco,40,PE,1564162913,30,-13.71,-76.2,71.6,10.29
382,Olinda,90,AU,1564163020,100,-37.84,145.39,51.01,4.7
383,Bonavista,17,CA,1564163020,79,48.65,-53.11,57.99,3.0
384,Bubaque,10,GW,1564163020,85,11.28,-15.83,79.6,16.15
385,Borova,0,UA,1564163020,56,50.18,30.1,75.2,4.47
386,Pinawa,90,CA,1564163020,81,50.15,-95.88,64.99,9.89
387,Cervo,40,BR,1564163021,43,-22.19,-46.24,69.8,5.93
388,Shetpe,0,KZ,1564163021,44,44.14,52.16,83.56,15.17
389,Vrangel,94,RU,1564163021,99,42.73,133.08,67.36,2.86
390,Loa Janan,100,ID,1564163021,94,-0.58,117.09,73.12,2.57
391,Isangel,21,VU,1564163021,73,-19.55,169.27,72.58,16.02
392,Harper,1,US,1564163021,39,30.3,-99.24,87.01,6.93
393,Madanapalle,100,IN,1564163022,84,13.56,78.5,71.68,13.06
394,Emirdag,0,TR,1564163022,36,39.02,31.15,79.0,9.17
395,Laguna,40,BZ,1564163022,70,16.17,-88.94,87.8,6.93
396,Neuquen,0,AR,1564163022,41,-38.95,-68.06,59.0,9.17
397,Ambo,98,ET,1564163022,95,8.98,37.86,56.92,1.95
398,Westport,40,US,1564163022,42,41.14,-73.36,88.0,3.36
399,Porto Belo,20,BR,1564163023,83,-27.15,-48.54,75.0,12.75
400,Fairbanks,90,US,1564163023,93,64.84,-147.72,59.0,3.36
401,Enid,20,US,1564163042,42,36.4,-97.88,89.01,14.99
402,Myitkyina,100,MM,1564163083,97,25.38,97.4,71.86,1.41
403,Broken Hill,32,AU,1564163083,75,-31.97,141.45,44.6,2.24
404,Hofn,90,IS,1564163083,67,64.25,-15.21,62.6,5.82
405,Shimoda,75,JP,1564163083,100,34.7,138.93,78.8,6.93
406,Yeppoon,34,AU,1564163084,93,-23.13,150.74,55.4,1.32
407,Deputatskiy,35,RU,1564163084,85,69.3,139.9,31.54,4.29
408,Broome,0,GB,1564163084,65,52.47,1.45,82.99,8.05
409,Independence,1,US,1564162886,45,39.09,-94.42,84.99,12.75
410,Alice Springs,90,AU,1564163084,33,-23.7,133.88,44.6,4.7
411,Ruteng,87,ID,1564163084,91,-8.61,120.46,66.46,5.01
412,Huarmey,60,PE,1564163065,84,-10.07,-78.15,61.6,15.97
413,Pindiga,40,NG,1564163084,79,9.98,10.93,79.6,5.53
414,Constitucion,5,MX,1564163085,30,23.99,-104.67,73.0,3.36
415,Qaqortoq,75,GL,1564163085,66,60.72,-46.03,53.6,5.82
416,Talaya,40,RU,1564163085,93,55.79,84.89,57.2,4.47
417,Tromso,40,NO,1564163085,82,69.65,18.96,68.0,13.87
418,Peebles,20,GB,1564163085,68,55.65,-3.19,71.01,6.93
419,Garmsar,31,IR,1564163085,24,35.22,52.34,81.76,9.17
420,Zalantun,1,CN,1564163086,92,48.0,122.72,58.0,0.4
421,Ust-Omchug,0,RU,1564163086,74,61.13,149.63,45.4,6.24
422,Margate,20,AU,1564162900,65,-43.03,147.26,41.0,10.29
423,Lata,100,IN,1564163086,86,30.78,78.62,46.84,4.56
424,Nhulunbuy,100,AU,1564163086,94,-12.18,136.78,71.6,9.17
425,Maragogi,77,BR,1564162826,90,-9.01,-35.22,72.76,7.61
426,Kununurra,79,AU,1564163086,77,-15.77,128.74,62.6,3.36
427,Avallon,86,FR,1564163087,50,47.49,3.91,80.01,5.01
428,Yatou,75,CM,1564163087,94,3.63,9.81,78.8,1.12
429,Ilulissat,40,GL,1564163087,71,69.22,-51.1,50.0,6.93
430,Arcata,90,US,1564163087,100,40.87,-124.08,70.0,4.7
431,Iberia,74,PE,1564163087,51,-11.41,-69.49,77.26,3.78
432,Ahipara,1,NZ,1564163087,100,-35.17,173.16,52.0,13.09
433,Kano,27,NG,1564163087,36,11.99,8.53,90.58,6.51
434,Vanimo,100,PG,1564163088,77,-2.67,141.3,81.22,5.73
435,Ypsilanti,1,US,1564162955,61,42.24,-83.61,86.0,8.05
436,Manakara,27,MG,1564163088,82,-22.14,48.01,64.3,3.91
437,Kochkurovo,74,RU,1564163088,80,54.03,45.43,67.36,11.43
438,Kirando,47,TZ,1564163088,50,-7.37,30.62,76.0,5.23
439,Minggang,0,CN,1564163088,83,32.45,114.03,82.12,6.13
440,Baturaja,33,ID,1564163089,90,-4.12,104.17,70.42,2.71
441,Imbituba,0,BR,1564163089,73,-28.24,-48.67,73.4,9.17
442,Bangkal,95,ID,1564163089,96,-2.61,115.39,71.86,1.16
443,Kargasok,42,RU,1564163089,66,59.06,80.87,54.04,3.85
444,Flin Flon,90,CA,1564163089,82,54.77,-101.88,60.8,8.05
445,Awjilah,0,LY,1564163090,22,29.14,21.3,89.68,14.97
446,Goundi,99,TD,1564163090,82,9.36,17.37,76.72,3.49
447,Abu Kamal,0,SY,1564163090,18,34.45,40.92,90.94,14.05
448,Bilma,21,NE,1564163091,11,18.69,12.92,101.56,10.56
449,Nampula,20,MZ,1564163091,68,-15.12,39.26,69.8,12.75
450,Voznesenye,82,RU,1564163151,74,61.02,35.48,68.62,0.89
451,Ust-Nera,100,RU,1564163151,51,64.57,143.24,56.56,6.76
452,Wanlaweyn,96,SO,1564163151,72,2.62,44.89,73.84,16.98
453,Aguascalientes,40,MX,1564163151,49,21.88,-102.3,69.8,2.24
454,Voskresenskoye,44,RU,1564163152,86,56.84,45.43,65.38,3.85
455,Horsham,17,AU,1564163152,96,-36.71,142.2,40.72,1.77
456,Kiunga,100,PG,1564163152,92,-6.12,141.3,71.68,2.66
457,Yenagoa,100,NG,1564163152,93,4.92,6.26,75.1,4.54
458,Inongo,56,CD,1564163152,41,-1.93,18.29,83.74,2.55
459,Alvdal,41,NO,1564163152,37,62.11,10.63,82.4,6.93
460,Uttarkashi,100,IN,1564163152,90,30.73,78.44,62.14,1.52
461,Tutoia,40,BR,1564163153,52,-2.76,-42.27,93.2,11.41
462,Tulun,97,RU,1564163153,83,54.56,100.58,57.1,10.02
463,Hervey Bay,90,AU,1564163153,93,-25.3,152.85,55.99,2.17
464,Bell Ville,67,AR,1564163153,48,-32.63,-62.69,59.0,7.0
465,Miandrivazo,5,MG,1564163153,73,-19.53,45.46,63.22,0.34
466,Coahuayana,42,MX,1564163153,71,18.62,-100.35,82.48,1.83
467,Namibe,0,AO,1564163154,82,-15.19,12.15,66.46,5.77
468,Leshukonskoye,100,RU,1564163154,74,64.9,45.76,67.36,5.44
469,Ciocanesti,0,RO,1564163154,54,44.6,25.85,87.01,3.36
470,Kitgum,2,UG,1564163154,86,3.3,32.88,68.98,2.35
471,Vyyezdnoye,70,RU,1564163154,82,55.38,43.79,64.66,7.31
472,Kang,0,BW,1564163154,21,-23.67,22.79,56.92,6.13
473,Norman Wells,75,CA,1564163155,62,65.28,-126.83,55.4,10.29
474,Hlobyne,3,UA,1564163155,65,49.39,33.25,68.08,4.45
475,Tazovskiy,84,RU,1564163155,66,67.47,78.7,49.72,7.7
476,Prnjavor,0,BA,1564163155,48,44.87,17.66,84.2,2.24
477,Salinas,1,US,1564162908,68,36.67,-121.66,66.2,5.28
478,Adrar,0,DZ,1564163155,8,27.87,-0.29,111.2,12.75
479,Balikpapan,93,ID,1564163156,96,-1.24,116.86,70.42,2.68
480,Ereymentau,34,KZ,1564163156,65,51.62,73.1,61.78,3.78
481,Salas,75,PE,1564163156,29,-6.27,-79.61,66.2,12.75
482,Tereze,53,RU,1564163156,56,43.94,42.44,71.6,11.18
483,Nanortalik,100,GL,1564163156,91,60.14,-45.24,41.8,2.28
484,Gat,20,SN,1564163156,66,14.69,-16.54,84.2,11.41
485,Impfondo,93,CD,1564163157,64,1.62,18.06,81.4,1.63
486,Boali,20,CF,1564163157,83,4.81,18.11,78.8,4.7
487,Half Moon Bay,75,US,1564163157,87,37.46,-122.43,75.0,6.93
488,Okara,62,PK,1564163157,56,30.81,73.45,91.3,4.99
489,Sorland,90,NO,1564163157,100,67.67,12.69,57.2,13.87
490,Pandan Niog,30,PH,1564163158,73,6.23,120.56,82.84,8.01
491,Lagoa,0,PT,1564163158,39,37.14,-8.45,82.4,20.8
492,Manta,59,RO,1564163158,65,45.1,24.1,72.22,3.49
493,Marawi,97,PH,1564163158,91,8.0,124.29,75.0,5.99
494,Aketi,85,CD,1564163158,69,2.74,23.78,75.82,2.19
495,Lagos,75,NG,1564163159,88,6.46,3.39,78.8,6.93
496,Yarada,90,IN,1564163159,88,17.65,83.27,78.8,9.17
497,Cabo San Lucas,5,MX,1564163159,58,22.89,-109.91,93.0,13.87
498,Iquitos,75,PE,1564163159,319,-3.75,-73.25,42.8,4.7
499,Praia da Vitoria,40,PT,1564163159,69,38.73,-27.07,82.4,12.15
500,Mirabad,2,IR,1564163219,24,28.27,61.33,70.06,3.33
501,Ketchikan,90,US,1564163075,93,55.34,-131.65,59.0,12.75
502,Verkhniye Tatyshly,22,RU,1564163220,79,56.29,55.86,63.58,1.74
503,Kavaratti,100,IN,1564163220,79,10.57,72.64,81.94,14.88
504,Tangi,8,PK,1564163220,57,34.3,71.65,83.56,3.04
505,Itape,90,PY,1564163220,71,-25.78,-57.3,51.8,3.36
506,Nizwa,47,OM,1564163143,55,22.93,57.53,82.48,6.35
507,Puerto Escondido,75,MX,1564163220,70,15.86,-97.07,86.0,5.82
508,Skibbereen,75,IE,1564163221,63,51.55,-9.27,62.6,9.17
509,Riverton,1,US,1564163054,21,43.02,-108.38,80.6,5.82
510,Menongue,0,AO,1564163221,19,-14.66,17.68,59.62,4.54
511,Riyadh,0,SA,1564162963,10,24.63,46.72,102.2,9.17
512,Fort Nelson,40,CA,1564163221,49,58.81,-122.69,71.6,12.75
513,Henties Bay,81,NA,1564163221,89,-22.12,14.28,57.0,1.99
514,Alta Floresta,0,BR,1564163222,24,-9.87,-56.08,95.0,9.17
515,Christchurch,90,NZ,1564163082,100,-43.53,172.64,42.01,2.24
516,Novoagansk,70,RU,1564163222,62,61.94,76.66,58.0,4.7
517,Saverne,0,FR,1564163222,38,48.74,7.36,95.0,3.36
518,Abha,20,SA,1564163222,60,18.22,42.5,82.4,5.82
519,Hibbing,40,US,1564163222,73,47.43,-92.94,80.6,11.41
520,Santa Maria,75,BR,1564163222,36,-16.02,-48.01,78.8,14.99
521,Magdagachi,96,RU,1564163223,97,53.45,125.8,46.66,1.99
522,Karratha,37,AU,1564163223,40,-20.74,116.85,68.44,7.54
523,Minab,86,IR,1564163223,53,27.15,57.07,95.0,4.7
524,Atasu,1,KZ,1564163223,52,48.68,71.64,63.76,10.16
525,Kupang,25,ID,1564163223,75,-10.16,123.6,75.28,13.11
526,Romny,65,UA,1564163223,83,50.74,33.49,65.2,5.03
527,Santa Cruz Cabralia,75,BR,1564163224,64,-16.28,-39.02,77.0,11.41
528,Codrington,84,AU,1564163224,93,-28.95,153.24,59.0,5.82
529,Maine-Soroa,39,NE,1564163224,26,13.21,12.02,98.68,5.1
530,Mount Isa,0,AU,1564163224,57,-20.73,139.49,48.2,12.44
531,Chanika,86,MW,1564163224,64,-12.93,34.19,59.26,2.91
532,Langham,20,CA,1564163106,64,52.36,-106.96,73.0,16.11
533,Port Macquarie,88,AU,1564163108,76,-31.43,152.91,53.6,2.24
534,Llangefni,94,GB,1564163016,72,53.26,-4.31,70.0,10.29
535,Taksimo,91,RU,1564163225,52,56.36,114.84,61.6,4.12
536,Forestville,40,CA,1564163164,64,48.74,-69.09,71.6,8.05
537,Sovetsk,47,RU,1564163225,80,55.08,21.89,68.08,7.92
538,Belyy Yar,81,RU,1564163225,87,53.6,91.39,57.2,2.24
539,Komsomolsk,0,RU,1564163225,64,57.03,40.38,73.4,4.47
540,Yarmouth,20,CA,1564163225,60,43.84,-66.12,73.99,10.29
541,Riohacha,20,CO,1564163011,44,11.54,-72.91,95.0,13.87
542,Skovorodino,68,RU,1564163226,98,53.99,123.94,45.4,1.68
543,Kirkuk,0,IQ,1564163226,13,35.47,44.4,90.04,6.73
544,Sulangan,14,PH,1564163226,76,11.14,123.72,81.58,10.63
545,ChengDe,0,CN,1564163226,59,40.97,117.93,71.5,0.98
546,Qiryat Gat,0,IL,1564163226,58,31.61,34.76,82.99,6.93
547,Kaura Namoda,62,NG,1564163226,51,12.59,6.58,86.08,4.9
